athlete_id,athlete_display_name,team_id,position
4685671,Jayden Hastings,103,F
5151855,Luka Toews,103,G
5105543,Aidan Shaw,103,G
4684268,Fred Payne,103,G
4683629,Donald Hand Jr.,103,G
5103631,Boden Kapke,103,F
5309819,Marko Radunovic,103,G
5196919,Caleb Steger,103,G
4706918,Chase Forte,103,G
5239489,Jason Asemota,103,F
5144146,Jack Bailey,103,F
5061602,Kany Tchanda,103,F
5238156,Will Eggemeier,103,G
5238155,Nick Petronio,103,G
5210830,Akbar Waheed III,103,G
5183069,Jack DiDonna,103,G
4684627,Chris Bell,25,F
4684155,John Camden,25,F
4683672,Lee Dort,25,F
5196370,Justin Pippen,25,G
4845373,Dai Dai Ames,25,G
4897890,Milos Ilic,25,C
5164560,Semetri Carr,25,G
4703253,Nolan Dorsey,25,G
5176804,Dhiaukuei Manyiel Dut,25,F
5113388,Rytis Petraitis,25,F
5061606,Sammie Yeanay,25,F
5239840,Mantas Kocanas,25,C
5311533,Luke Butler,25,G
5311532,Jorell Clark,25,G
5245385,BJ Fisher,25,G
5238159,Stephon Marbury II,25,G
5107343,DeJuan Campbell,25,G
5041956,Jovani Ruff,25,G
5176397,Carter Welling,228,F
5174977,Jake Wahlin,228,F
5105449,RJ Godfrey,228,F
5106880,Jestin Porter,228,G
5105445,Dillon Hunter,228,G
5196962,Chase Thompson,228,F
4869781,Dallas Thomas,228,F
4699440,Nick Davidson,228,F
5179085,Ace Buckner,228,G
5107144,Butta Johnson,228,G
5311534,Blake Davidson,228,F
5196959,Trent Steinour,228,F
5237299,Zac Foster,228,G
5041935,Cameron Boozer,150,F
4873209,Patrick Ngongba II,150,C
5061585,Isaiah Evans,150,G
5041937,Cayden Boozer,150,G
4711256,Caleb Foster,150,G
5105337,Maliq Brown,150,F
5287474,Dame Sarr,150,G
5144124,Nikolas Khamenia,150,G
4873107,Darren Harris,150,G
5107141,Ifeanyi Ufochukwu,150,C
5144150,Sebastian Wilkins,150,G
4888720,Jack Scott,150,G
4432321,Cameron Sheffield,150,G
5316049,Alex Steen,52,F
5105448,Chauncey Wiggins,52,F
5239821,Martin Somerville,52,G
5108969,Lajae Jones,52,G
4685802,Robert McCray V,52,G
5316047,Thomas Bassong,52,F
5238166,Alier Maluk,52,F
4873208,AJ Swinton,52,F
5316046,Cam Miles,52,G
5105779,Kobe MaGee,52,G
5114231,Shah Muhammad,52,F
5316048,Xavier Osceola,52,G
5316045,Maximo Garcia-Plata,52,G
5238165,Jalen Crawford,52,G
5311967,Sananda Fru,97,F
5242127,Adrian Wooley,97,G
5107157,Ryan Conwell,97,G
4712845,Isaac McKneely,97,G
4702784,J'Vonne Hadley,97,G
5311969,Vangelis Zougris,97,F
4873187,Khani Rooths,97,F
4702739,Aly Khalifa,97,C
5174946,Kobe Rodgers,97,G
5311966,Mouhamed Camara,97,F
4589481,Kasean Pryor,97,F
5311968,Will Hanke,97,G
5106779,Cole Sherman,97,G
5105765,Spencer Legg,97,G
5104203,London Johnson,97,G
5101761,Mikel Brown Jr.,97,G
5142356,Baye Ndongo,59,F
4683757,Kowacie Reeves Jr.,59,F
5258494,Mouhamed Sylla,59,C
5106284,Lamar Washington,59,G
5101784,Akai Fleming,59,G
5172343,Cole Kirouac,59,C
5061592,Peyton Marshall,59,C
5060730,Jaeden Mustaf,59,G
4888733,Chas Kelley III,59,G
5311960,Davi Remagen,59,G
5248298,Eric Chatfield Jr.,59,G
5238167,Dyllan Thompson,59,G
5144109,Brandon Stores Jr.,59,G
5105607,Kam Craft,59,G
5105798,Malik Reneau,2390,F
5101809,Shelton Henderson,2390,F
5106261,Ernest Udeh Jr.,2390,C
4845368,Tru Washington,2390,G
4837356,Tre Donaldson,2390,G
5311984,Salih Altuntas,2390,F
5281366,Timotej Malovec,2390,F
5311986,Noam Dovrat,2390,G
5142709,Dante Allen,2390,G
5101821,Treyvon Maddox,2390,F
5311985,John Laboy II,2390,G
5214525,Jordyn Kee,2390,G
4869762,Marcus Allen,2390,G
5095151,Caleb Wilson,153,F
5105571,Henri Veesaar,153,C
5312014,Luka Bogavac,153,G
5093253,Kyan Evans,153,G
4712836,Seth Trimble,153,G
4873181,Jarin Stevenson,153,F
5144097,Derek Dixon,153,G
5101669,Jonathan Powell,153,G
4711266,Jaydon Young,153,G
5238173,John Holbrook,153,F
4895793,Zayden High,153,F
4869763,James Brown,153,F
5241596,Ivan Matlekovic,153,C
5312013,Evan Smith,153,G
5217193,Isaiah Denis,153,G
5116699,Elijah Davis,153,G
4937074,Darrion Williams,152,F
4684799,Ven-Allen Lubin,152,F
4873151,Paul McNeil Jr.,152,G
4683860,Quadir Copeland,152,G
4585590,Alyn Breed,152,G
5311995,Musa Sagnia,152,F
4897482,Scottie Ebube,152,C
5196877,Matt Able,152,G
5105816,Tre Holloman,152,G
5174958,Jerry Deng,152,F
5142707,Colt Langdon,152,F
5101858,Zymicah Wilkins,152,F
5311994,Jayme Kontuniemi,152,G
5106059,Terrance Arceneaux,152,G
5105430,Jordan Snell,152,G
5312258,Jalen Haralson,87,F
5142610,Garrett Sundra,87,F
4702120,Carson Towt,87,F
4912455,Braeden Shrewsberry,87,G
4872727,Logan Imes,87,G
5312257,Ryder Frost,87,F
5312256,Brady Koehler,87,F
5105845,Kebba Njie,87,F
5144373,Cole Certa,87,G
5141770,Mark Zackery IV,87,G
5137653,Sir Mohammed,87,G
5312261,Matthew MacLellan,87,F
5312260,Luke Devine,87,F
5312259,Tommy Ahneman,87,C
5238175,Brady Stevens,87,G
5101623,Markus Burton,87,G
5312288,Roman Siulepa,221,F
4712902,Cameron Corhen,221,F
5107652,Damarco Minor,221,G
5101664,Nojus Indrusaitis,221,G
4683675,Barry Dunning Jr.,221,G
5312287,Kieran Mullen,221,C
5237300,Omari Witherspoon,221,G
5060728,Brandin Cummings,221,G
5312286,Henry Lau,221,F
5238179,Amdy Ndiaye,221,F
5174567,Jajuan Nelson,221,F
5174566,Benjamin Mayhew,221,F
5174565,Papa Amadou Kante,221,F
4432926,Dishon Jackson,221,C
5196882,Macari Moore,221,G
5110039,Corey Washington,2567,F
5238184,Samet Yigitoglu,2567,C
5105552,B.J. Edwards,2567,G
4898283,Boopie Miller,2567,G
4703115,Jaron Pierre Jr.,2567,G
5312289,Jermaine O'Neal Jr.,2567,F
4683781,Sam Walters,2567,F
5101840,Jaden Toombs,2567,C
5041938,B.J. Davis-Ray,2567,G
5280896,Billy White III,2567,F
5238182,Mitchell Holmes,2567,F
5144391,Chance Puryear,2567,F
5101828,Nigel Walls,2567,F
5238183,Niccolo Kalischer-Stork,2567,G
5106638,Trey Utter,2567,G
5105657,AJ Rohosy,24,F
4684745,Chisom Okpara,24,F
5258459,Ebuka Okorie,24,G
5105633,Benny Gealer,24,G
5105632,Ryan Agarwal,24,G
5312293,Oskar Giltay,24,F
5214644,Donavin Young,24,F
5175009,Aidan Cammann,24,F
5175008,Cameron Grant,24,F
5189814,Jeremy Dent-Smith,24,G
5312292,Kristers Skrinda,24,F
5164370,Evan Stinson,24,F
5152726,Tallis Toure,24,F
5105634,Jaylen Thompson,24,F
5312291,Myles Jones,24,G
5238186,Ethan Kitch,24,G
5183923,Anthony Batson Jr.,24,G
5107258,William Kyle III,183,F
5101831,Sadiq White Jr.,183,F
5240882,Nate Kingz,183,G
5174557,Naithan George,183,G
4683697,J.J. Starling,183,G
5174559,Ibrahim Souare,183,F
4873145,Donnie Freeman,183,F
4873141,Tyler Betsey,183,F
5120280,Kiyan Anthony,183,G
5311848,Tiefing Diawara,183,C
5311847,Luke Fennell,183,G
5239196,Aaron Womack,183,G
5238188,Noah Lobdell,183,G
4897519,Bryce Zephir,183,G
5311846,Thijs De Ridder,258,F
4703393,Devin Tillis,258,F
5311844,Johann Grunloh,258,C
5105464,Dallin Hall,258,G
4683758,Malik Thomas,258,G
5037878,Ugonna Onyenso,258,C
5176232,Sam Lewis,258,G
5150404,Chance Mallory,258,G
5080790,Elijah Gertrude,258,G
5144157,Silas Barksdale,258,F
4894460,Carter Lang,258,F
5311845,Owen Odom,258,G
5239714,Martin Carrere,258,G
5174572,Desmond Roberts,258,G
5107274,Jacari White,258,G
4685673,Amani Hansberry,259,F
5101850,Christian Gurdak,259,C
5311829,Neoklis Avdalas,259,G
5177040,Jailen Bedford,259,G
4712846,Jaden Schutt,259,G
5311826,Sin'Cere Jones,259,F
5239617,Izaiah Pasha,259,G
4873105,Ben Hammond,259,G
5106040,Tobi Lawal,259,F
5311831,Antonio Dorn,259,C
5311830,Solomon Davis,259,C
5311828,Shamarius Peterkin,259,G
5311827,Brett Freeman,259,G
5165275,Tyler Johnson,259,G
5176758,Tre'Von Spillers,154,F
5175037,Omaha Biliew,154,F
5142609,Juke Harris,154,G
5108081,Nate Calmese,154,G
4894452,Myles Colvin,154,G
5196911,Jaylen Cross,154,F
5176402,Cooper Schwieger,154,F
5241913,Sebastian Akins,154,G
4905250,Mekhi Mason,154,G
5105342,Owen Kmety,154,F
5312297,Dimitrije Kovacevic,154,F
5174580,Vincent Ricchiuti,154,F
5174579,Marqus Marion,154,F
5312296,Anson Beard Jr.,154,G
5237435,Isaac Carr,154,G
5174581,Will Underwood,154,G